{
  "formatVersion": 1,
  "database": {
    "version": 9,
    "identityHash": "7aeb51e95a61c88942636866ce779d9a",
    "entities": [
      {
        "tableName": "new_format",
        "createSql": "CREATE TABLE IF NOT EXISTS `${TABLE_NAME}` (`videoId` TEXT NOT NULL, `itag` INTEGER NOT NULL, `mimeType` TEXT, `codecs` TEXT, `bitrate` INTEGER, `sampleRate` INTEGER, `contentLength` INTEGER, `loudnessDb` REAL, `lengthSeconds` INTEGER, `playbackTrackingVideostatsPlaybackUrl` TEXT, `playbackTrackingAtrUrl` TEXT, `playbackTrackingVideostatsWatchtimeUrl` TEXT, `cpn` TEXT, PRIMARY KEY(`videoId`))",
        "fields": [
          {
            "fieldPath": "videoId",
            "columnName": "videoId",
            "affinity": "TEXT",
            "notNull": true
          },
          {
            "fieldPath": "itag",
            "columnName": "itag",
            "affinity": "INTEGER",
            "notNull": true
          },
          {
            "fieldPath": "mimeType",
            "columnName": "mimeType",
            "affinity": "TEXT",
            "notNull": false
          },
          {
            "fieldPath": "codecs",
            "columnName": "codecs",
            "affinity": "TEXT",
            "notNull": false
          },
          {
            "fieldPath": "bitrate",
            "columnName": "bitrate",
            "affinity": "INTEGER",
            "notNull": false
          },
          {
            "fieldPath": "sampleRate",
            "columnName": "sampleRate",
            "affinity": "INTEGER",
            "notNull": false
          },
          {
            "fieldPath": "contentLength",
            "columnName": "contentLength",
            "affinity": "INTEGER",
            "notNull": false
          },
          {
            "fieldPath": "loudnessDb",
            "columnName": "loudnessDb",
            "affinity": "REAL",
            "notNull": false
          },
          {
            "fieldPath": "lengthSeconds",
            "columnName": "lengthSeconds",
            "affinity": "INTEGER",
            "notNull": false
          },
          {
            "fieldPath": "playbackTrackingVideostatsPlaybackUrl",
            "columnName": "playbackTrackingVideostatsPlaybackUrl",
            "affinity": "TEXT",
            "notNull": false
          },
          {
            "fieldPath": "playbackTrackingAtrUrl",
            "columnName": "playbackTrackingAtrUrl",
            "affinity": "TEXT",
            "notNull": false
          },
          {
            "fieldPath": "playbackTrackingVideostatsWatchtimeUrl",
            "columnName": "playbackTrackingVideostatsWatchtimeUrl",
            "affinity": "TEXT",
            "notNull": false
          },
          {
            "fieldPath": "cpn",
            "columnName": "cpn",
            "affinity": "TEXT",
            "notNull": false
          }
        ],
        "primaryKey": {
          "autoGenerate": false,
          "columnNames": [
            "videoId"
          ]
        },
        "indices": [],
        "foreignKeys": []
      },
      {
        "tableName": "song_info",
        "createSql": "CREATE TABLE IF NOT EXISTS `${TABLE_NAME}` (`videoId` TEXT NOT NULL, `author` TEXT, `authorId` TEXT, `authorThumbnail` TEXT, `description` TEXT, `subscribers` TEXT, `viewCount` INTEGER, `uploadDate` TEXT, `like` INTEGER, `dislike` INTEGER, PRIMARY KEY(`videoId`))",
        "fields": [
          {
            "fieldPath": "videoId",
            "columnName": "videoId",
            "affinity": "TEXT",
            "notNull": true
          },
          {
            "fieldPath": "author",
            "columnName": "author",
            "affinity": "TEXT",
            "notNull": false
          },
          {
            "fieldPath": "authorId",
            "columnName": "authorId",
            "affinity": "TEXT",
            "notNull": false
          },
          {
            "fieldPath": "authorThumbnail",
            "columnName": "authorThumbnail",
            "affinity": "TEXT",
            "notNull": false
          },
          {
            "fieldPath": "description",
            "columnName": "description",
            "affinity": "TEXT",
            "notNull": false
          },
          {
            "fieldPath": "subscribers",
            "columnName": "subscribers",
            "affinity": "TEXT",
            "notNull": false
          },
          {
            "fieldPath": "viewCount",
            "columnName": "viewCount",
            "affinity": "INTEGER",
            "notNull": false
          },
          {
            "fieldPath": "uploadDate",
            "columnName": "uploadDate",
            "affinity": "TEXT",
            "notNull": false
          },
          {
            "fieldPath": "like",
            "columnName": "like",
            "affinity": "INTEGER",
            "notNull": false
          },
          {
            "fieldPath": "dislike",
            "columnName": "dislike",
            "affinity": "INTEGER",
            "notNull": false
          }
        ],
        "primaryKey": {
          "autoGenerate": false,
          "columnNames": [
            "videoId"
          ]
        },
        "indices": [],
        "foreignKeys": []
      },
      {
        "tableName": "search_history",
        "createSql": "CREATE TABLE IF NOT EXISTS `${TABLE_NAME}` (`query` TEXT NOT NULL, PRIMARY KEY(`query`))",
        "fields": [
          {
            "fieldPath": "query",
            "columnName": "query",
            "affinity": "TEXT",
            "notNull": true
          }
        ],
        "primaryKey": {
          "autoGenerate": false,
          "columnNames": [
            "query"
          ]
        },
        "indices": [],
        "foreignKeys": []
      },
      {
        "tableName": "song",
        "createSql": "CREATE TABLE IF NOT EXISTS `${TABLE_NAME}` (`videoId` TEXT NOT NULL, `albumId` TEXT, `albumName` TEXT, `artistId` TEXT, `artistName` TEXT, `duration` TEXT NOT NULL, `durationSeconds` INTEGER NOT NULL, `isAvailable` INTEGER NOT NULL, `isExplicit` INTEGER NOT NULL, `likeStatus` TEXT NOT NULL, `thumbnails` TEXT, `title` TEXT NOT NULL, `videoType` TEXT NOT NULL, `category` TEXT, `resultType` TEXT, `liked` INTEGER NOT NULL, `totalPlayTime` INTEGER NOT NULL, `downloadState` INTEGER NOT NULL, `inLibrary` INTEGER NOT NULL, PRIMARY KEY(`videoId`))",
        "fields": [
          {
            "fieldPath": "videoId",
            "columnName": "videoId",
            "affinity": "TEXT",
            "notNull": true
          },
          {
            "fieldPath": "albumId",
            "columnName": "albumId",
            "affinity": "TEXT",
            "notNull": false
          },
          {
            "fieldPath": "albumName",
            "columnName": "albumName",
            "affinity": "TEXT",
            "notNull": false
          },
          {
            "fieldPath": "artistId",
            "columnName": "artistId",
            "affinity": "TEXT",
            "notNull": false
          },
          {
            "fieldPath": "artistName",
            "columnName": "artistName",
            "affinity": "TEXT",
            "notNull": false
          },
          {
            "fieldPath": "duration",
            "columnName": "duration",
            "affinity": "TEXT",
            "notNull": true
          },
          {
            "fieldPath": "durationSeconds",
            "columnName": "durationSeconds",
            "affinity": "INTEGER",
            "notNull": true
          },
          {
            "fieldPath": "isAvailable",
            "columnName": "isAvailable",
            "affinity": "INTEGER",
            "notNull": true
          },
          {
            "fieldPath": "isExplicit",
            "columnName": "isExplicit",
            "affinity": "INTEGER",
            "notNull": true
          },
          {
            "fieldPath": "likeStatus",
            "columnName": "likeStatus",
            "affinity": "TEXT",
            "notNull": true
          },
          {
            "fieldPath": "thumbnails",
            "columnName": "thumbnails",
            "affinity": "TEXT",
            "notNull": false
          },
          {
            "fieldPath": "title",
            "columnName": "title",
            "affinity": "TEXT",
            "notNull": true
          },
          {
            "fieldPath": "videoType",
            "columnName": "videoType",
            "affinity": "TEXT",
            "notNull": true
          },
          {
            "fieldPath": "category",
            "columnName": "category",
            "affinity": "TEXT",
            "notNull": false
          },
          {
            "fieldPath": "resultType",
            "columnName": "resultType",
            "affinity": "TEXT",
            "notNull": false
          },
          {
            "fieldPath": "liked",
            "columnName": "liked",
            "affinity": "INTEGER",
            "notNull": true
          },
          {
            "fieldPath": "totalPlayTime",
            "columnName": "totalPlayTime",
            "affinity": "INTEGER",
            "notNull": true
          },
          {
            "fieldPath": "downloadState",
            "columnName": "downloadState",
            "affinity": "INTEGER",
            "notNull": true
          },
          {
            "fieldPath": "inLibrary",
            "columnName": "inLibrary",
            "affinity": "INTEGER",
            "notNull": true
          }
        ],
        "primaryKey": {
          "autoGenerate": false,
          "columnNames": [
            "videoId"
          ]
        },
        "indices": [],
        "foreignKeys": []
      },
      {
        "tableName": "artist",
        "createSql": "CREATE TABLE IF NOT EXISTS `${TABLE_NAME}` (`channelId` TEXT NOT NULL, `name` TEXT NOT NULL, `thumbnails` TEXT, `followed` INTEGER NOT NULL, `inLibrary` INTEGER NOT NULL, PRIMARY KEY(`channelId`))",
        "fields": [
          {
            "fieldPath": "channelId",
            "columnName": "channelId",
            "affinity": "TEXT",
            "notNull": true
          },
          {
            "fieldPath": "name",
            "columnName": "name",
            "affinity": "TEXT",
            "notNull": true
          },
          {
            "fieldPath": "thumbnails",
            "columnName": "thumbnails",
            "affinity": "TEXT",
            "notNull": false
          },
          {
            "fieldPath": "followed",
            "columnName": "followed",
            "affinity": "INTEGER",
            "notNull": true
          },
          {
            "fieldPath": "inLibrary",
            "columnName": "inLibrary",
            "affinity": "INTEGER",
            "notNull": true
          }
        ],
        "primaryKey": {
          "autoGenerate": false,
          "columnNames": [
            "channelId"
          ]
        },
        "indices": [],
        "foreignKeys": []
      },
      {
        "tableName": "album",
        "createSql": "CREATE TABLE IF NOT EXISTS `${TABLE_NAME}` (`browseId` TEXT NOT NULL, `artistId` TEXT, `artistName` TEXT, `audioPlaylistId` TEXT NOT NULL, `description` TEXT NOT NULL, `duration` TEXT, `durationSeconds` INTEGER NOT NULL, `thumbnails` TEXT, `title` TEXT NOT NULL, `trackCount` INTEGER NOT NULL, `tracks` TEXT, `type` TEXT NOT NULL, `year` TEXT, `liked` INTEGER NOT NULL, `inLibrary` INTEGER NOT NULL, `downloadState` INTEGER NOT NULL, PRIMARY KEY(`browseId`))",
        "fields": [
          {
            "fieldPath": "browseId",
            "columnName": "browseId",
            "affinity": "TEXT",
            "notNull": true
          },
          {
            "fieldPath": "artistId",
            "columnName": "artistId",
            "affinity": "TEXT",
            "notNull": false
          },
          {
            "fieldPath": "artistName",
            "columnName": "artistName",
            "affinity": "TEXT",
            "notNull": false
          },
          {
            "fieldPath": "audioPlaylistId",
            "columnName": "audioPlaylistId",
            "affinity": "TEXT",
            "notNull": true
          },
          {
            "fieldPath": "description",
            "columnName": "description",
            "affinity": "TEXT",
            "notNull": true
          },
          {
            "fieldPath": "duration",
            "columnName": "duration",
            "affinity": "TEXT",
            "notNull": false
          },
          {
            "fieldPath": "durationSeconds",
            "columnName": "durationSeconds",
            "affinity": "INTEGER",
            "notNull": true
          },
          {
            "fieldPath": "thumbnails",
            "columnName": "thumbnails",
            "affinity": "TEXT",
            "notNull": false
          },
          {
            "fieldPath": "title",
            "columnName": "title",
            "affinity": "TEXT",
            "notNull": true
          },
          {
            "fieldPath": "trackCount",
            "columnName": "trackCount",
            "affinity": "INTEGER",
            "notNull": true
          },
          {
            "fieldPath": "tracks",
            "columnName": "tracks",
            "affinity": "TEXT",
            "notNull": false
          },
          {
            "fieldPath": "type",
            "columnName": "type",
            "affinity": "TEXT",
            "notNull": true
          },
          {
            "fieldPath": "year",
            "columnName": "year",
            "affinity": "TEXT",
            "notNull": false
          },
          {
            "fieldPath": "liked",
            "columnName": "liked",
            "affinity": "INTEGER",
            "notNull": true
          },
          {
            "fieldPath": "inLibrary",
            "columnName": "inLibrary",
            "affinity": "INTEGER",
            "notNull": true
          },
          {
            "fieldPath": "downloadState",
            "columnName": "downloadState",
            "affinity": "INTEGER",
            "notNull": true
          }
        ],
        "primaryKey": {
          "autoGenerate": false,
          "columnNames": [
            "browseId"
          ]
        },
        "indices": [],
        "foreignKeys": []
      },
      {
        "tableName": "playlist",
        "createSql": "CREATE TABLE IF NOT EXISTS `${TABLE_NAME}` (`id` TEXT NOT NULL, `author` TEXT, `description` TEXT NOT NULL, `duration` TEXT NOT NULL, `durationSeconds` INTEGER NOT NULL, `privacy` TEXT NOT NULL, `thumbnails` TEXT NOT NULL, `title` TEXT NOT NULL, `trackCount` INTEGER NOT NULL, `tracks` TEXT, `year` TEXT, `liked` INTEGER NOT NULL, `inLibrary` INTEGER NOT NULL, `downloadState` INTEGER NOT NULL, PRIMARY KEY(`id`))",
        "fields": [
          {
            "fieldPath": "id",
            "columnName": "id",
            "affinity": "TEXT",
            "notNull": true
          },
          {
            "fieldPath": "author",
            "columnName": "author",
            "affinity": "TEXT",
            "notNull": false
          },
          {
            "fieldPath": "description",
            "columnName": "description",
            "affinity": "TEXT",
            "notNull": true
          },
          {
            "fieldPath": "duration",
            "columnName": "duration",
            "affinity": "TEXT",
            "notNull": true
          },
          {
            "fieldPath": "durationSeconds",
            "columnName": "durationSeconds",
            "affinity": "INTEGER",
            "notNull": true
          },
          {
            "fieldPath": "privacy",
            "columnName": "privacy",
            "affinity": "TEXT",
            "notNull": true
          },
          {
            "fieldPath": "thumbnails",
            "columnName": "thumbnails",
            "affinity": "TEXT",
            "notNull": true
          },
          {
            "fieldPath": "title",
            "columnName": "title",
            "affinity": "TEXT",
            "notNull": true
          },
          {
            "fieldPath": "trackCount",
            "columnName": "trackCount",
            "affinity": "INTEGER",
            "notNull": true
          },
          {
            "fieldPath": "tracks",
            "columnName": "tracks",
            "affinity": "TEXT",
            "notNull": false
          },
          {
            "fieldPath": "year",
            "columnName": "year",
            "affinity": "TEXT",
            "notNull": false
          },
          {
            "fieldPath": "liked",
            "columnName": "liked",
            "affinity": "INTEGER",
            "notNull": true
          },
          {
            "fieldPath": "inLibrary",
            "columnName": "inLibrary",
            "affinity": "INTEGER",
            "notNull": true
          },
          {
            "fieldPath": "downloadState",
            "columnName": "downloadState",
            "affinity": "INTEGER",
            "notNull": true
          }
        ],
        "primaryKey": {
          "autoGenerate": false,
          "columnNames": [
            "id"
          ]
        },
        "indices": [],
        "foreignKeys": []
      },
      {
        "tableName": "local_playlist",
        "createSql": "CREATE TABLE IF NOT EXISTS `${TABLE_NAME}` (`id` INTEGER PRIMARY KEY AUTOINCREMENT NOT NULL, `title` TEXT NOT NULL, `thumbnail` TEXT, `inLibrary` INTEGER NOT NULL, `downloadState` INTEGER NOT NULL, `synced_with_youtube_playlist` INTEGER NOT NULL DEFAULT 0, `youtubePlaylistId` TEXT, `youtube_sync_state` INTEGER NOT NULL DEFAULT 0, `tracks` TEXT)",
        "fields": [
          {
            "fieldPath": "id",
            "columnName": "id",
            "affinity": "INTEGER",
            "notNull": true
          },
          {
            "fieldPath": "title",
            "columnName": "title",
            "affinity": "TEXT",
            "notNull": true
          },
          {
            "fieldPath": "thumbnail",
            "columnName": "thumbnail",
            "affinity": "TEXT",
            "notNull": false
          },
          {
            "fieldPath": "inLibrary",
            "columnName": "inLibrary",
            "affinity": "INTEGER",
            "notNull": true
          },
          {
            "fieldPath": "downloadState",
            "columnName": "downloadState",
            "affinity": "INTEGER",
            "notNull": true
          },
          {
            "fieldPath": "syncedWithYouTubePlaylist",
            "columnName": "synced_with_youtube_playlist",
            "affinity": "INTEGER",
            "notNull": true,
            "defaultValue": "0"
          },
          {
            "fieldPath": "youtubePlaylistId",
            "columnName": "youtubePlaylistId",
            "affinity": "TEXT",
            "notNull": false
          },
          {
            "fieldPath": "syncState",
            "columnName": "youtube_sync_state",
            "affinity": "INTEGER",
            "notNull": true,
            "defaultValue": "0"
          },
          {
            "fieldPath": "tracks",
            "columnName": "tracks",
            "affinity": "TEXT",
            "notNull": false
          }
        ],
        "primaryKey": {
          "autoGenerate": true,
          "columnNames": [
            "id"
          ]
        },
        "indices": [],
        "foreignKeys": []
      },
      {
        "tableName": "lyrics",
        "createSql": "CREATE TABLE IF NOT EXISTS `${TABLE_NAME}` (`videoId` TEXT NOT NULL, `error` INTEGER NOT NULL, `lines` TEXT, `syncType` TEXT, PRIMARY KEY(`videoId`))",
        "fields": [
          {
            "fieldPath": "videoId",
            "columnName": "videoId",
            "affinity": "TEXT",
            "notNull": true
          },
          {
            "fieldPath": "error",
            "columnName": "error",
            "affinity": "INTEGER",
            "notNull": true
          },
          {
            "fieldPath": "lines",
            "columnName": "lines",
            "affinity": "TEXT",
            "notNull": false
          },
          {
            "fieldPath": "syncType",
            "columnName": "syncType",
            "affinity": "TEXT",
            "notNull": false
          }
        ],
        "primaryKey": {
          "autoGenerate": false,
          "columnNames": [
            "videoId"
          ]
        },
        "indices": [],
        "foreignKeys": []
      },
      {
        "tableName": "queue",
        "createSql": "CREATE TABLE IF NOT EXISTS `${TABLE_NAME}` (`queueId` INTEGER NOT NULL, `listTrack` TEXT NOT NULL, PRIMARY KEY(`queueId`))",
        "fields": [
          {
            "fieldPath": "queueId",
            "columnName": "queueId",
            "affinity": "INTEGER",
            "notNull": true
          },
          {
            "fieldPath": "listTrack",
            "columnName": "listTrack",
            "affinity": "TEXT",
            "notNull": true
          }
        ],
        "primaryKey": {
          "autoGenerate": false,
          "columnNames": [
            "queueId"
          ]
        },
        "indices": [],
        "foreignKeys": []
      },
      {
        "tableName": "set_video_id",
        "createSql": "CREATE TABLE IF NOT EXISTS `${TABLE_NAME}` (`videoId` TEXT NOT NULL, `setVideoId` TEXT, PRIMARY KEY(`videoId`))",
        "fields": [
          {
            "fieldPath": "videoId",
            "columnName": "videoId",
            "affinity": "TEXT",
            "notNull": true
          },
          {
            "fieldPath": "setVideoId",
            "columnName": "setVideoId",
            "affinity": "TEXT",
            "notNull": false
          }
        ],
        "primaryKey": {
          "autoGenerate": false,
          "columnNames": [
            "videoId"
          ]
        },
        "indices": [],
        "foreignKeys": []
      },
      {
        "tableName": "pair_song_local_playlist",
        "createSql": "CREATE TABLE IF NOT EXISTS `${TABLE_NAME}` (`id` INTEGER PRIMARY KEY AUTOINCREMENT NOT NULL, `playlistId` INTEGER NOT NULL, `songId` TEXT NOT NULL, `position` INTEGER NOT NULL, `inPlaylist` INTEGER NOT NULL, FOREIGN KEY(`playlistId`) REFERENCES `local_playlist`(`id`) ON UPDATE NO ACTION ON DELETE CASCADE , FOREIGN KEY(`songId`) REFERENCES `song`(`videoId`) ON UPDATE NO ACTION ON DELETE CASCADE )",
        "fields": [
          {
            "fieldPath": "id",
            "columnName": "id",
            "affinity": "INTEGER",
            "notNull": true
          },
          {
            "fieldPath": "playlistId",
            "columnName": "playlistId",
            "affinity": "INTEGER",
            "notNull": true
          },
          {
            "fieldPath": "songId",
            "columnName": "songId",
            "affinity": "TEXT",
            "notNull": true
          },
          {
            "fieldPath": "position",
            "columnName": "position",
            "affinity": "INTEGER",
            "notNull": true
          },
          {
            "fieldPath": "inPlaylist",
            "columnName": "inPlaylist",
            "affinity": "INTEGER",
            "notNull": true
          }
        ],
        "primaryKey": {
          "autoGenerate": true,
          "columnNames": [
            "id"
          ]
        },
        "indices": [
          {
            "name": "index_pair_song_local_playlist_playlistId",
            "unique": false,
            "columnNames": [
              "playlistId"
            ],
            "orders": [],
            "createSql": "CREATE INDEX IF NOT EXISTS `index_pair_song_local_playlist_playlistId` ON `${TABLE_NAME}` (`playlistId`)"
          },
          {
            "name": "index_pair_song_local_playlist_songId",
            "unique": false,
            "columnNames": [
              "songId"
            ],
            "orders": [],
            "createSql": "CREATE INDEX IF NOT EXISTS `index_pair_song_local_playlist_songId` ON `${TABLE_NAME}` (`songId`)"
          }
        ],
        "foreignKeys": [
          {
            "table": "local_playlist",
            "onDelete": "CASCADE",
            "onUpdate": "NO ACTION",
            "columns": [
              "playlistId"
            ],
            "referencedColumns": [
              "id"
            ]
          },
          {
            "table": "song",
            "onDelete": "CASCADE",
            "onUpdate": "NO ACTION",
            "columns": [
              "songId"
            ],
            "referencedColumns": [
              "videoId"
            ]
          }
        ]
      },
      {
        "tableName": "GoogleAccountEntity",
        "createSql": "CREATE TABLE IF NOT EXISTS `${TABLE_NAME}` (`email` TEXT NOT NULL, `name` TEXT NOT NULL, `thumbnailUrl` TEXT NOT NULL, `cache` TEXT, `isUsed` INTEGER NOT NULL, PRIMARY KEY(`email`))",
        "fields": [
          {
            "fieldPath": "email",
            "columnName": "email",
            "affinity": "TEXT",
            "notNull": true
          },
          {
            "fieldPath": "name",
            "columnName": "name",
            "affinity": "TEXT",
            "notNull": true
          },
          {
            "fieldPath": "thumbnailUrl",
            "columnName": "thumbnailUrl",
            "affinity": "TEXT",
            "notNull": true
          },
          {
            "fieldPath": "cache",
            "columnName": "cache",
            "affinity": "TEXT",
            "notNull": false
          },
          {
            "fieldPath": "isUsed",
            "columnName": "isUsed",
            "affinity": "INTEGER",
            "notNull": true
          }
        ],
        "primaryKey": {
          "autoGenerate": false,
          "columnNames": [
            "email"
          ]
        },
        "indices": [],
        "foreignKeys": []
      },
      {
        "tableName": "followed_artist_single_and_album",
        "createSql": "CREATE TABLE IF NOT EXISTS `${TABLE_NAME}` (`channelId` TEXT NOT NULL, `name` TEXT NOT NULL, `single` TEXT NOT NULL, `album` TEXT NOT NULL, PRIMARY KEY(`channelId`))",
        "fields": [
          {
            "fieldPath": "channelId",
            "columnName": "channelId",
            "affinity": "TEXT",
            "notNull": true
          },
          {
            "fieldPath": "name",
            "columnName": "name",
            "affinity": "TEXT",
            "notNull": true
          },
          {
            "fieldPath": "single",
            "columnName": "single",
            "affinity": "TEXT",
            "notNull": true
          },
          {
            "fieldPath": "album",
            "columnName": "album",
            "affinity": "TEXT",
            "notNull": true
          }
        ],
        "primaryKey": {
          "autoGenerate": false,
          "columnNames": [
            "channelId"
          ]
        },
        "indices": [],
        "foreignKeys": []
      },
      {
        "tableName": "notification",
        "createSql": "CREATE TABLE IF NOT EXISTS `${TABLE_NAME}` (`id` INTEGER PRIMARY KEY AUTOINCREMENT NOT NULL, `channelId` TEXT NOT NULL, `thumbnail` TEXT, `name` TEXT NOT NULL, `single` TEXT NOT NULL, `album` TEXT NOT NULL, `time` INTEGER NOT NULL)",
        "fields": [
          {
            "fieldPath": "id",
            "columnName": "id",
            "affinity": "INTEGER",
            "notNull": true
          },
          {
            "fieldPath": "channelId",
            "columnName": "channelId",
            "affinity": "TEXT",
            "notNull": true
          },
          {
            "fieldPath": "thumbnail",
            "columnName": "thumbnail",
            "affinity": "TEXT",
            "notNull": false
          },
          {
            "fieldPath": "name",
            "columnName": "name",
            "affinity": "TEXT",
            "notNull": true
          },
          {
            "fieldPath": "single",
            "columnName": "single",
            "affinity": "TEXT",
            "notNull": true
          },
          {
            "fieldPath": "album",
            "columnName": "album",
            "affinity": "TEXT",
            "notNull": true
          },
          {
            "fieldPath": "time",
            "columnName": "time",
            "affinity": "INTEGER",
            "notNull": true
          }
        ],
        "primaryKey": {
          "autoGenerate": true,
          "columnNames": [
            "id"
          ]
        },
        "indices": [],
        "foreignKeys": []
      }
    ],
    "views": [],
    "setupQueries": [
      "CREATE TABLE IF NOT EXISTS room_master_table (id INTEGER PRIMARY KEY,identity_hash TEXT)",
      "INSERT OR REPLACE INTO room_master_table (id,identity_hash) VALUES(42, '7aeb51e95a61c88942636866ce779d9a')"
    ]
  }
}